<?xml version="1.0" encoding="UTF-8" ?>
<!DOCTYPE struts PUBLIC
 "-//Apache Software Foundation//DTD Struts Configuration 2.0//EN"
 "http://struts.apache.org/dtds/struts-2.0.dtd">
<struts>
	<constant name="struts.enable.DynamicMethodInvocation" value="false" />
	<constant name="struts.devMode" value="true" />

	<package name="default" namespace="/" extends="struts-default">
		<interceptors>
			<interceptor name="loginInterceptor" class="interceptores.LoginInterceptor">
			</interceptor>
			<interceptor-stack name="loginStack">
				<interceptor-ref name="loginInterceptor" />
				<interceptor-ref name="defaultStack" />
			</interceptor-stack>
		</interceptors>
		<default-interceptor-ref name="loginStack"></default-interceptor-ref>
		<default-action-ref name="formulario" />
		<global-results>
			<result name="error">login.jsp</result>
		</global-results>

		<action name="index" class="actions.Index">
			<result>index.jsp</result>
		</action>
		<action name="formulario">
			<result>form.jsp</result>
		</action>
		<action name="enviar" class="actions.Index" method="enviar">
			<result>form.jsp</result>
		</action>

	</package>
	
	 <package name="auth" namespace="/auth" extends="struts-default">
 	<action name="logar" class="actions.LoginAction">
  		<result name="input">/login.jsp</result>
		<result type="redirectAction">
  			<param name="namespace">/</param>
  			<param name="actionName">index</param>
		</result>
	</action> 
  	<action name="logout" class="actions.LoginAction" method="logout">
  		<result type="redirectAction">
  			<param name="namespace">/</param>
  			<param name="actionName">index</param>
		</result>
  	</action> 
  </package>
</struts>