<?xml version="1.0" encoding="UTF-8" ?>
<!DOCTYPE struts PUBLIC
 "-//Apache Software Foundation//DTD Struts Configuration 2.0//EN"
 "http://struts.apache.org/dtds/struts-2.0.dtd">
<struts>
 <constant name="struts.enable.DynamicMethodInvocation" value="false" />
 <constant name="struts.devMode" value="true" />
 
 <package name="default" namespace="/" extends="struts-default">
 
  <default-action-ref name="inicial" />
  
  <action name="inicial" >
   		<result>/exemplo/index.jsp</result>
  </action>
   
 </package>
 
  <package name="curso" namespace="/curso" extends="struts-default">
 
  <default-action-ref name="index" />
  
  <action name="index"  class="actions.CursoAction">
   		<result>/exemplo/cadastro.jsp</result>
  </action>
  <action name="cadastrar"  class="actions.CursoAction" method="add">
   		<result name="ok">/exemplo/cadastro2.jsp</result>
   		<result name="input">/exemplo/cadastro.jsp</result>
  </action>
  
   
 </package>

</struts>