<?xml version="1.0" encoding="UTF-8" ?>
<!DOCTYPE struts PUBLIC
 "-//Apache Software Foundation//DTD Struts Configuration 2.0//EN"
 "http://struts.apache.org/dtds/struts-2.0.dtd">
<struts>
 <constant name="struts.enable.DynamicMethodInvocation" value="false" />
 <constant name="struts.devMode" value="true" />
 
 <package name="default" namespace="/" extends="struts-default">
 
  <default-action-ref name="index" />
  
  <action name="index" >
   		<result>exercicio/index.jsp</result>
  </action>
  
  <action name="cadastrar"  class="actions.LivroAction">
   		<result>/exercicio/cadastro.jsp</result>
  </action>
  <action name="editar"  class="actions.LivroAction" method="add">
   		<result>/exercicio/cadastro.jsp</result>
  </action> 
    <action name="salvar"  class="actions.LivroAction" method="save">
   		<result type="redirectAction">listar</result>
  </action>
  <action name="listar"  class="actions.LivroAction" method="list">
   		<result>/exercicio/listagem.jsp</result>
  </action> 
  <action name="pesquisar"  class="actions.LivroAction" method="search">
   		<result>/exercicio/listagem.jsp</result>
  </action>
  <action name="excluir"  class="actions.LivroAction" method="delete">
   		<result type="redirectAction">listar</result>
  </action>  
 </package>
 
</struts>